row_id,path,field,item_index,origin,category_tag,current_text,suggested_text,rationale,decision,sme_notes
LOC-001,cost_matrix,summary,1,kept,,Custom N×N travel-cost matrix over the location array; used only when travel_cost=customized.,Custom N×N travel-cost matrix over the location array; used only when travel_cost=customized.,Spec: An array of arrays to denote the user-defined costs of traveling between each pair of geographic coordinates mentioned in the location array. The number of arrays should be equal to the number of c…,ACCEPT,
LOC-002,cost_matrix,range,1,kept,,"Array of integer arrays, N×N where N = len(locations.location). Effective only with options.objective.travel_cost=customized.","Array of integer arrays, N×N where N = len(locations.location). Effective only with options.objective.travel_cost=customized.",Spec: An array of arrays to denote the user-defined costs of traveling between each pair of geographic coordinates mentioned in the location array. The number of arrays should be equal to the number of c…,ACCEPT,
LOC-003,cost_matrix,constraints,1,kept,,Square N×N over locations.location.,Square N×N over locations.location.,Existing enrichment,ACCEPT,
LOC-004,cost_matrix,constraints,2,kept,,Effective only when travel_cost=customized.,Effective only when travel_cost=customized.,Existing enrichment,ACCEPT,
LOC-005,cost_matrix,businessRules,1,new,,,cost_matrix defines: An array of arrays to denote the user-defined costs of traveling between each pair of geographic coordinates mentioned in the location array. The number of arrays should be equal to the number of c…,Analytical business logic extraction,ACCEPT,
LOC-006,cost_matrix,businessRules,2,new,,,Each element in cost_matrix must be valid and consistent with related fields.,Analytical business logic extraction,ACCEPT,
LOC-007,cost_matrix,businessRules,3,new,,,Must stay consistent with: options.objective.travel_cost. Changes here may require validation of those fields.,Analytical business logic extraction,ACCEPT,
LOC-008,cost_matrix,businessRules,4,new,,,Rule: Cost/distance/duration matrices must have consistent dimensions and indices.,Analytical business logic extraction,ACCEPT,
LOC-009,cost_matrix,businessRules,5,new,,,This is a soft constraint. Violations are penalized but don't make solutions infeasible.,Analytical business logic extraction,ACCEPT,
LOC-010,cost_matrix,businessRules,6,new,,,Optional field. Omitting uses solver's default behavior (no penalty).,Analytical business logic extraction,ACCEPT,
LOC-011,cost_matrix,validationRules,1,kept,,Non-square / wrong-N matrix -> 400.,Non-square / wrong-N matrix -> 400.,Existing enrichment,ACCEPT,
LOC-012,cost_matrix,validationRules,2,kept,,cost_matrix without travel_cost=customized is ignored.,cost_matrix without travel_cost=customized is ignored.,Existing enrichment,ACCEPT,
LOC-013,cost_matrix,testingGuidance,1,kept,Positive,Positive: N×N cost_matrix with travel_cost=customized.,Positive: N×N cost_matrix with travel_cost=customized.,Existing enrichment,ACCEPT,
LOC-014,cost_matrix,testingGuidance,2,kept,,Negative: N×(N-1) matrix -> 400.,Negative: N×(N-1) matrix -> 400.,Existing enrichment,ACCEPT,
LOC-015,cost_matrix,testingGuidance,3,new,Positive,,Positive: omit optional field cost_matrix,Analytical spec deep-dive,ACCEPT,
LOC-016,cost_matrix,testingGuidance,4,new,Interaction,,Interaction: Negative: distance_matrix supplied alone -> 400.,Analytical spec deep-dive,ACCEPT,
LOC-017,cost_matrix,testingGuidance,5,new,Interaction,,Interaction: Negative: an N×(N-1) matrix -> 400.,Analytical spec deep-dive,ACCEPT,
LOC-018,cost_matrix,testingGuidance,6,new,Interaction,,Interaction: Negative: travel_cost=customized without cost_matrix -> 400.,Analytical spec deep-dive,ACCEPT,
LOC-019,cost_matrix,testingGuidance,7,new,Interaction,,Interaction: Behavioral: per_km cost ignored unless travel_cost=distance.,Analytical spec deep-dive,ACCEPT,
LOC-020,distance_matrix,summary,1,kept,,Custom N×N distances (meters) overriding real distances; REQUIRES duration_matrix.,Custom N×N distances (meters) overriding real distances; REQUIRES duration_matrix.,"Spec: An array of arrays to denote the user-defined distances, in meters, for travelling between each pair of geographic coordinates mentioned in the location array. When this input is provided, actual d…",ACCEPT,
LOC-021,distance_matrix,range,1,kept,,"Array of integer arrays, N×N (meters). Must be accompanied by duration_matrix.","Array of integer arrays, N×N (meters). Must be accompanied by duration_matrix.","Spec: An array of arrays to denote the user-defined distances, in meters, for travelling between each pair of geographic coordinates mentioned in the location array. When this input is provided, actual d…",ACCEPT,
LOC-022,distance_matrix,constraints,1,kept,,Square N×N over locations.location.,Square N×N over locations.location.,Existing enrichment,ACCEPT,
LOC-023,distance_matrix,constraints,2,kept,,Requires duration_matrix to also be provided.,Requires duration_matrix to also be provided.,Existing enrichment,ACCEPT,
LOC-024,distance_matrix,businessRules,1,new,,,"distance_matrix defines: An array of arrays to denote the user-defined distances, in meters, for travelling between each pair of geographic coordinates mentioned in the location array. When this input is provided, actual d…",Analytical business logic extraction,ACCEPT,
LOC-025,distance_matrix,businessRules,2,new,,,Each element in distance_matrix must be valid and consistent with related fields.,Analytical business logic extraction,ACCEPT,
LOC-026,distance_matrix,businessRules,3,new,,,Must stay consistent with: duration_matrix. Changes here may require validation of those fields.,Analytical business logic extraction,ACCEPT,
LOC-027,distance_matrix,businessRules,4,new,,,Rule: Cost/distance/duration matrices must have consistent dimensions and indices.,Analytical business logic extraction,ACCEPT,
LOC-028,distance_matrix,businessRules,5,new,,,Optional field. Omitting uses solver's default behavior (no penalty).,Analytical business logic extraction,ACCEPT,
LOC-029,distance_matrix,validationRules,1,kept,,distance_matrix without duration_matrix -> 400.,distance_matrix without duration_matrix -> 400.,Existing enrichment,ACCEPT,
LOC-030,distance_matrix,validationRules,2,kept,,Non-square matrix -> 400.,Non-square matrix -> 400.,Existing enrichment,ACCEPT,
LOC-031,distance_matrix,testingGuidance,1,kept,Positive,Positive: distance_matrix + duration_matrix together.,Positive: distance_matrix + duration_matrix together.,Existing enrichment,ACCEPT,
LOC-032,distance_matrix,testingGuidance,2,kept,,Negative: distance_matrix alone -> 400.,Negative: distance_matrix alone -> 400.,Existing enrichment,ACCEPT,
LOC-033,distance_matrix,testingGuidance,3,new,Positive,,Positive: omit optional field distance_matrix,Analytical spec deep-dive,ACCEPT,
LOC-034,distance_matrix,testingGuidance,4,new,Interaction,,Interaction: Negative: distance_matrix supplied alone -> 400.,Analytical spec deep-dive,ACCEPT,
LOC-035,distance_matrix,testingGuidance,5,new,Interaction,,Interaction: Negative: an N×(N-1) matrix -> 400.,Analytical spec deep-dive,ACCEPT,
LOC-036,duration_matrix,summary,1,kept,,Custom N×N durations (seconds) overriding real travel times.,Custom N×N durations (seconds) overriding real travel times.,"Spec: An array of arrays to denote the user-defined durations, in seconds, for travelling between each pair of geographic coordinates mentioned in the location array. When this input is provided, actual …",ACCEPT,
LOC-037,duration_matrix,range,1,kept,,"Array of integer arrays, N×N (seconds).","Array of integer arrays, N×N (seconds).","Spec: An array of arrays to denote the user-defined durations, in seconds, for travelling between each pair of geographic coordinates mentioned in the location array. When this input is provided, actual …",ACCEPT,
LOC-038,duration_matrix,constraints,1,kept,,Square N×N over locations.location.,Square N×N over locations.location.,Existing enrichment,ACCEPT,
LOC-039,duration_matrix,businessRules,1,new,,,"duration_matrix defines: An array of arrays to denote the user-defined durations, in seconds, for travelling between each pair of geographic coordinates mentioned in the location array. When this input is provided, actual …",Analytical business logic extraction,ACCEPT,
LOC-040,duration_matrix,businessRules,2,new,,,Each element in duration_matrix must be valid and consistent with related fields.,Analytical business logic extraction,ACCEPT,
LOC-041,duration_matrix,businessRules,3,new,,,Must stay consistent with: distance_matrix. Changes here may require validation of those fields.,Analytical business logic extraction,ACCEPT,
LOC-042,duration_matrix,businessRules,4,new,,,Rule: Cost/distance/duration matrices must have consistent dimensions and indices.,Analytical business logic extraction,ACCEPT,
LOC-043,duration_matrix,businessRules,5,new,,,Optional field. Omitting uses solver's default behavior (no penalty).,Analytical business logic extraction,ACCEPT,
LOC-044,duration_matrix,validationRules,1,kept,,Non-square / wrong-N matrix -> 400.,Non-square / wrong-N matrix -> 400.,Existing enrichment,ACCEPT,
LOC-045,duration_matrix,testingGuidance,1,kept,Positive,Positive: duration_matrix overrides computed times.,Positive: duration_matrix overrides computed times.,Existing enrichment,ACCEPT,
LOC-046,duration_matrix,testingGuidance,2,kept,Boundary,Boundary: matrix dimension must equal len(locations.location).,Boundary: matrix dimension must equal len(locations.location).,Existing enrichment,ACCEPT,
LOC-047,duration_matrix,testingGuidance,3,new,Positive,,Positive: omit optional field duration_matrix,Analytical spec deep-dive,ACCEPT,
LOC-048,duration_matrix,testingGuidance,4,new,Interaction,,Interaction: Negative: distance_matrix supplied alone -> 400.,Analytical spec deep-dive,ACCEPT,
LOC-049,duration_matrix,testingGuidance,5,new,Interaction,,Interaction: Negative: an N×(N-1) matrix -> 400.,Analytical spec deep-dive,ACCEPT,
LOC-050,locations.approaches,summary,1,kept,,"Per-location curbside approach setting, aligned by position with the location array.","Per-location curbside approach setting, aligned by position with the location array.","Spec: Describe if the location is curbside. An array of strings indicates the side of the road from which to approach the location in the calculated route. If provided, the number of approaches must be e…",ACCEPT,
LOC-051,locations.approaches,range,1,kept,,"Array of enum strings: unrestricted (default) | curb | """" (skip). Length must equal number of locations. Case-sensitive.","Array of enum strings: unrestricted (default) | curb | """" (skip). Length must equal number of locations. Case-sensitive.","Spec: Describe if the location is curbside. An array of strings indicates the side of the road from which to approach the location in the calculated route. If provided, the number of approaches must be e…",ACCEPT,
LOC-052,locations.approaches,constraints,1,kept,,"If given, length MUST equal len(location).","If given, length MUST equal len(location).",Existing enrichment,ACCEPT,
LOC-053,locations.approaches,businessRules,1,new,,,"approaches defines: Describe if the location is curbside. An array of strings indicates the side of the road from which to approach the location in the calculated route. If provided, the number of approaches must be e…",Analytical business logic extraction,ACCEPT,
LOC-054,locations.approaches,businessRules,2,new,,,Each element in approaches must be valid and consistent with related fields.,Analytical business logic extraction,ACCEPT,
LOC-055,locations.approaches,businessRules,3,new,,,"Valid options: unrestricted, curb, """"(empty string). Each affects solver behavior differently.",Analytical business logic extraction,ACCEPT,
LOC-056,locations.approaches,businessRules,4,new,,,Must stay consistent with: locations.location. Changes here may require validation of those fields.,Analytical business logic extraction,ACCEPT,
LOC-057,locations.approaches,businessRules,5,new,,,Optional field. Omitting uses solver's default behavior (no penalty).,Analytical business logic extraction,ACCEPT,
LOC-058,locations.approaches,validationRules,1,kept,,Length mismatch vs locations -> 400.,Length mismatch vs locations -> 400.,Existing enrichment,ACCEPT,
LOC-059,locations.approaches,validationRules,2,kept,,"A value outside {unrestricted, curb, """"} -> 400.","A value outside {unrestricted, curb, """"} -> 400.",Existing enrichment,ACCEPT,
LOC-060,locations.approaches,testingGuidance,1,kept,Positive,Positive: approaches all 'unrestricted'.,Positive: approaches all 'unrestricted'.,Existing enrichment,ACCEPT,
LOC-061,locations.approaches,testingGuidance,2,kept,,Negative: approaches shorter than locations -> 400.,Negative: approaches shorter than locations -> 400.,Existing enrichment,ACCEPT,
LOC-062,locations.approaches,testingGuidance,3,kept,Boundary,Boundary: mix 'curb' and '' (skip) across positions.,Boundary: mix 'curb' and '' (skip) across positions.,Existing enrichment,ACCEPT,
LOC-063,locations.approaches,testingGuidance,4,new,Positive,,"Positive: test with approaches set to ""unrestricted""",Analytical spec deep-dive,ACCEPT,
LOC-064,locations.approaches,testingGuidance,5,new,Positive,,"Positive: test with approaches set to ""curb""",Analytical spec deep-dive,ACCEPT,
LOC-065,locations.approaches,testingGuidance,6,new,Positive,,"Positive: test with approaches set to """"""(empty string)""",Analytical spec deep-dive,ACCEPT,
LOC-066,locations.approaches,testingGuidance,7,new,Positive,,Positive: omit optional field approaches,Analytical spec deep-dive,ACCEPT,
LOC-067,locations.location,summary,1,kept,,"Central array of ""lat, lon"" coordinate strings; every task/vehicle references a coordinate by integer index into this array.","Central array of ""lat, lon"" coordinate strings; every task/vehicle references a coordinate by integer index into this array.","Spec: Indicate all the location coordinates that will be used during optimization. The coordinates should be specified in the format “latitude, longitude”. It is recommended to avoid adding duplicate loc…",ACCEPT,
LOC-068,locations.location,range,1,kept,,"Array of ""latitude, longitude"" strings (WGS84). At least the indices referenced by vehicles/jobs must exist.","Array of ""latitude, longitude"" strings (WGS84). At least the indices referenced by vehicles/jobs must exist.","Spec: Indicate all the location coordinates that will be used during optimization. The coordinates should be specified in the format “latitude, longitude”. It is recommended to avoid adding duplicate loc…",ACCEPT,
LOC-069,locations.location,constraints,1,kept,,"Each entry is a ""lat, lon"" string; latitude in [-90,90], longitude in [-180,180].","Each entry is a ""lat, lon"" string; latitude in [-90,90], longitude in [-180,180].",Existing enrichment,ACCEPT,
LOC-070,locations.location,businessRules,1,kept,,"Referenced everywhere by 0-based integer index (location_index/start_index/end_index); valid index range is [0, len).","Referenced everywhere by 0-based integer index (location_index/start_index/end_index); valid index range is [0, len).",Existing enrichment,ACCEPT,
LOC-071,locations.location,businessRules,2,new,,,"location defines: Indicate all the location coordinates that will be used during optimization. The coordinates should be specified in the format “latitude, longitude”. It is recommended to avoid adding duplicate loc…",Analytical business logic extraction,ACCEPT,
LOC-072,locations.location,businessRules,3,new,,,Each element in location must be valid and consistent with related fields.,Analytical business logic extraction,ACCEPT,
LOC-073,locations.location,businessRules,4,new,,,"Must stay consistent with: jobs.location_index, vehicles.start_index. Changes here may require validation of those fields.",Analytical business logic extraction,ACCEPT,
LOC-074,locations.location,businessRules,5,new,,,Rule: Cost/distance/duration matrices must have consistent dimensions and indices.,Analytical business logic extraction,ACCEPT,
LOC-075,locations.location,businessRules,6,new,,,Optional field. Omitting uses solver's default behavior (no penalty).,Analytical business logic extraction,ACCEPT,
LOC-076,locations.location,validationRules,1,kept,,Out-of-range coordinate value -> 400 input validation failed.,Out-of-range coordinate value -> 400 input validation failed.,Existing enrichment,ACCEPT,
LOC-077,locations.location,validationRules,2,kept,,A referenced index >= len(location) -> 400.,A referenced index >= len(location) -> 400.,Existing enrichment,ACCEPT,
LOC-078,locations.location,validationRules,3,kept,,"A malformed coordinate string (not ""lat, lon"") -> 400.","A malformed coordinate string (not ""lat, lon"") -> 400.",Existing enrichment,ACCEPT,
LOC-079,locations.location,testingGuidance,1,kept,Positive,"Positive: a small pool of valid ""lat, lon"" strings, all indices referenced in range.","Positive: a small pool of valid ""lat, lon"" strings, all indices referenced in range.",Existing enrichment,ACCEPT,
LOC-080,locations.location,testingGuidance,2,kept,Boundary,Boundary: coordinates at the extremes -90/90 lat and -180/180 lon accepted.,Boundary: coordinates at the extremes -90/90 lat and -180/180 lon accepted.,Existing enrichment,ACCEPT,
LOC-081,locations.location,testingGuidance,3,kept,Negative-validation,Negative-validation: a latitude beyond 90 or longitude beyond 180 -> 400.,Negative-validation: a latitude beyond 90 or longitude beyond 180 -> 400.,Existing enrichment,ACCEPT,
LOC-082,locations.location,testingGuidance,4,kept,Negative-validation,Negative-validation: a referenced index >= len(location) -> 400.,Negative-validation: a referenced index >= len(location) -> 400.,Existing enrichment,ACCEPT,
LOC-083,locations.location,testingGuidance,5,kept,Negative-validation,Negative-validation: a malformed coordinate string (missing comma / non-numeric) -> 400.,Negative-validation: a malformed coordinate string (missing comma / non-numeric) -> 400.,Existing enrichment,ACCEPT,
LOC-084,locations.location,testingGuidance,6,new,Positive,,Positive: omit optional field location,Analytical spec deep-dive,ACCEPT,
LOC-085,locations.location,testingGuidance,7,new,Interaction,,Interaction: Negative: a job location_index equal to len(location) -> 400.,Analytical spec deep-dive,ACCEPT,
LOC-086,locations.location,testingGuidance,8,new,Interaction,,"Interaction: Negative: a non-integer index like ""first"" -> 400 type error.",Analytical spec deep-dive,ACCEPT,
LOC-087,locations.location,testingGuidance,9,new,Interaction,,Interaction: Negative: distance_matrix supplied alone -> 400.,Analytical spec deep-dive,ACCEPT,
LOC-088,locations.location,testingGuidance,10,new,Interaction,,Interaction: Negative: an N×(N-1) matrix -> 400.,Analytical spec deep-dive,ACCEPT,